{
    "arabica": [
        {
            "foto": "images/produk/product_capuchino.jpg",
            "nama": "Cappuccino Arabica",
            "size": "150 ml",
            "harga": "15.000",
            "link": "https://www.google.com/search?q=cappuccino+arabica&tbm=shop"
        },
        {
            "foto": "images/produk/product_espresso.jpg",
            "nama": "Pahit Arabica",
            "size": "150 ml",
            "harga": "15.000",
            "link": "https://www.google.com/search?q=pahit+arabica&tbm=shop"
        },
        {
            "foto": "images/produk/product_latte.jpg",
            "nama": "Latte Arabica",
            "size": "150 ml",
            "harga": "20.000",
            "link": "https://www.google.com/search?q=latte+arabica&tbm=shop"
        }
    ],
    "robusta": [
        {
            "foto": "images/produk/product_kopi_susu.jpg",
            "nama": "Kopsus Robusta",
            "size": "150 ml",
            "harga": "18.000",
            "link": "https://www.google.com/search?q=kopi+susu+robusta&tbm=shop"
        },
        {
            "foto": "images/produk/product_latte.jpg",
            "nama": "Latte Robusta",
            "size": "150 ml",
            "harga": "15.000",
            "link": "https://www.google.com/search?q=latte+robusta&tbm=shop"
        }
    ],
     "nonkopi": [
       {
         "foto": "images/produk/esteh.jpg",
         "nama": "Es teh kuy",
         "size": "250 ml",
         "harga": "10.000",
         "link": "https://pixabay.com/id/photos/minum-minuman-kaca-guyuran-es-batu-167053/"
            },
       {
         "foto": "images/produk/soda.jpg",
         "nama": "Es soda",
         "size": "300 ml",
         "harga": "10.000",
         "link": "https://pixabay.com/id/photos/air-air-mineral-asam-karbonat-2159915/"
            },
        {
         "foto": "images/produk/milkshake.jpg",
         "nama": "milkshake",
         "size": "300 ml",
         "harga": "15.000",
         "link": "https://pixabay.com/id/photos/smoothie-coklat-milkshake-1058191/"
            },
            {
               "foto": "images/produk/orange-juice.jpg",
               "nama": "orange juice",
               "size": "300 ml",
               "harga": "12.000",
               "link": "https://pixabay.com/id/photos/jus-jeruk-jus-vitamin-minum-segar-67556/"
             },
             
              {
               "foto": "images/produk/strawberry.jpg",
               "nama": "jus strawberry",
               "size": "300 ml",
               "harga": "15.000",
               "link": "https://pixabay.com/id/photos/dan-jus-jus-strawberry-2513036/"
              }
        ],
              "Food": [
                {
                  "foto": "images/produk/cake.jpg",
                  "nama": "cake",
                  "size": "1 porsi",
                  "harga": "15.000",
                  "link": "https://pixabay.com/id/photos/kue-bagian-piring-hidangan-penutup-1971552/"
                     },
                     
               {
                 "foto": "images/produk/pancake.jpg",
               "nama": "pancake",
               "size": "1 porsi",
               "harga": "15.000",
               "link": "https://pixabay.com/id/photos/pancake-crepes-buah-buahan-berry-8152715/"
               },
             
                      {
                        "foto": "images/produk/dimsum.jpg",
                        "nama": "dimsum",
                        "size": "1 porsi",
                        "harga": "20.000",
                        "link": "https://pixabay.com/id/photos/dimsum-masakan-cina-cina-makanan-2097953/"
                      },
                      {
                        "foto": "images/produk/rotipanggang.jpg",
                        "nama": "roti panggang",
                        "size": "1 porsi",
                        "harga": "15.000",
                        "link": "https://pixabay.com/id/photos/dimsum-masakan-cina-cina-makanan-2097953/"
                      },
                      {
                        "foto": "images/produk/steaksapi.jpg",
                        "nama": "steak sapi",
                        "size": "1 porsi",
                        "harga": "30.000",
                        "link": "https://pixabay.com/id/photos/daging-panggang-lezat-makanan-1445122/"
                      },
                      {
                        "foto": "images/produk/steakayam.jpg",
                        "nama": "steak ayam",
                        "size": "1 porsi",
                        "harga": "30.000",
                        "link": "https://pixabay.com/id/photos/steak-ayam-makanan-piring-gourmet-6202794/"
                      },
                      
               {"foto": "images/produk/spageti.jpg",
               "nama": "spageti",
               "size": "1 porsi",
               "harga": "20.000",
               "link": "https://pixabay.com/id/photos/semacam-spageti-spageti-329522/"
}
                 ]
         
}